First Year|Priscila Carrara|prescila.carrara
First Year|Maryann Gaspic|maryann.gaspic
First Year|James Lamb|j2lamb
First Year|Stephen Woods|s3woods
Biochemistry, Biochemistry/Biotechnology Specialization, Biochemistry Minor|Barbara J. Butler|bjbutler
Biochemistry, Biochemistry/Biotechnology Specialization, Biochemistry Minor|Elisabeth Daub|bdaub
Biochemistry, Biochemistry/Biotechnology Specialization, Biochemistry Minor|Thorsten Dieckmann|tdieckmann
Biochemistry, Biochemistry/Biotechnology Specialization, Biochemistry Minor|Todd Holyoak|todd.holyoak
Biology (All Specializations), Biology Minor|Simon D.X. Chuong|schuong
Biology (All Specializations), Biology Minor|Christine Dupont|cdupont
Biology (All Specializations), Biology Minor|Kesen Ma|kma
Biology (All Specializations), Biology Minor|Barb Moffatt|moffatt
Biology (All Specializations), Biology Minor|Susan Whyte|sdwhyte
Biology (All Specializations), Biology Minor|Bruce R. Wolff|brwolff
Biomedical Sciences|Cheryl Duxbury|cduxbury
Biomedical Sciences|Marcel Pinheiro|marcel.pinheiro
Biomedical Sciences|Jeannie Redpath-Erb|jredpatherb
Biomedical Sciences|Dragana Miskovic|dmiskovic
Biomedical Sciences|Susan Whyte|sdwhyte
Biotechnology/CPA|Kashif Memon|kmemon
Biotechnology/ECON|Kashif Memon|kmemon
Chemistry, Chemistry/Materials Specialization, Chemistry Minor|Carey Bissonette|cbissonn
Chemistry/Biobased Specialization|Eric Prouzet|eprouzet
Chemistry/Computational Specialization|Pierre-Nicholas Roy|pnroy
Chemical Physics|Qing-Bin Lu|qblu
Chemical Physics|Kam Tong Leung|tong
Geochemistry|Carey Bissonette|cbissonn
Geochemistry|Shaun Frape|shaun
Medicinal Chemistry|Steve Forsey|spforsey
China 2+2,BASE|Cici Chen|ci.chen@uwaterloo.ca
Earth Sciences (All specializations), Earth Minor|Shaun Frape|shaun
Earth Sciences (All specializations), Earth Minor|Corina McDonald|corina.mcdonald
Environmental Science/Ecology Specialization|Jonathan D.S. Witt|jwitt
Environmental Science/Geoscience Specialization|Shaun Frape|shaun
Environmental Science/Geoscience Specialization|Corina McDonald|corina.mcdonald
General Science, Honours Science, Non-major|Priscila Carrara|prescila.carrara
General Science, Honours Science, Non-major|Maryann Gaspic|maryann.gaspic
General Science, Honours Science, Non-major|James Lamb|j2lamb
General Science, Honours Science, Non-major|Stephen Woods|s3woods
Materials and Nanosciences|Jan Kycia|jkycia
Doctor of Optometry|Marie Amodeo|marie.amodeo
Doctor of Optometry|Jeff Hovis|jhovis
Doctor of Optometry|Patricia Hrynchak|hrynchak
Doctor of Pharmacy|Katya Barrios|kgbarrios
Doctor of Pharmacy|Ken Potvin|kpotvin
Physics, Physics/Applied Physics Specialization, Physics/Astrophysics Specialization, Physics Minor, Biophysics Minor|Richard Epp|rjepp
Physics, Physics/Applied Physics Specialization, Physics/Astrophysics Specialization, Physics Minor, Biophysics Minor|Rohan Jayasundera|jayasundera
Life Physics, Life Physics/Medical Physics Specialization, Life Physics/Biophysics Specialization|Melanie Campbel|mcampbel
Life Physics, Life Physics/Medical Physics Specialization, Life Physics/Biophysics Specialization|Richard Epp|rjepp
Life Physics, Life Physics/Medical Physics Specialization, Life Physics/Biophysics Specialization|Rohan Jayasundera|jayasundera
Physics and Astronomy|Mike Hudson|mike.hudson
Physics and Astronomy|Richard Epp|rjepp
Physics and Astronomy|Rohan Jayasundera|jayasundera
Mathematical Physics, Mathematical Physics/Astrophysics Specialization|Richard Epp|rjepp
Mathematical Physics, Mathematical Physics/Astrophysics Specialization|Rohan Jayasundera|jayasundera
Chemical Physics|Qing-Bin Lu|qblu
Chemical Physics|Richard Epp|rjepp
Chemical Physics|Rohan Jayasundera|jayasundera
Science/Psychology|Heather Smith(PSYCH)|hsmith
Science/Psychology|Stephen Woods(SCI)|s3woods
Science and Aviation (All specializations)|Ian McKenzie|mckenzie
Science and Business (All specializations)|Kashif Memon|kmemon